,0,1,2,3,4,5,6,7,8,9,10,11,12,13,14
isla_no_con_1,False,False,False,False,False,False,False,False,False,False,False,False,False,False,False
isla_no_con_10,False,True,False,False,False,True,False,False,False,False,False,False,True,False,False
isla_no_con_100,False,False,False,False,False,False,False,False,False,False,True,False,True,False,False
isla_no_con_1000,False,False,False,False,True,False,False,False,False,False,False,False,False,False,False
isla_no_con_101,False,False,False,False,False,False,False,False,True,False,True,False,False,False,False
isla_no_con_102,False,True,False,False,False,True,False,False,True,False,False,False,False,False,True
isla_no_con_103,False,True,False,False,False,True,False,False,False,False,False,False,False,False,False
isla_no_con_104,False,False,False,False,False,False,False,False,True,False,False,False,True,False,False
isla_no_con_105,False,False,False,False,False,False,False,False,False,False,False,False,False,False,False
isla_no_con_106,False,False,False,False,True,False,False,False,False,False,False,False,False,False,False
isla_no_con_107,False,False,False,False,False,False,True,False,False,False,True,False,True,False,False
isla_no_con_108,False,False,False,False,False,False,False,False,False,False,False,False,True,False,False
isla_no_con_109,False,False,True,True,False,True,False,False,True,True,False,False,True,True,False
isla_no_con_11,False,True,False,False,False,False,False,False,False,False,True,False,False,False,False
isla_no_con_110,False,True,False,False,False,True,False,False,False,False,False,False,False,False,False
isla_no_con_111,False,False,False,False,False,False,True,False,True,False,True,False,False,False,False
isla_no_con_112,False,True,False,False,True,True,False,False,False,False,False,False,False,False,False
isla_no_con_113,False,False,False,False,True,True,False,False,True,False,False,False,True,False,False
isla_no_con_114,False,False,False,False,False,False,True,True,False,False,False,False,False,False,False
isla_no_con_115,False,False,False,False,False,False,False,False,False,False,False,False,False,False,False
isla_no_con_116,True,False,False,False,False,False,False,False,False,False,False,False,False,False,False
isla_no_con_117,True,False,False,False,False,False,False,False,False,False,False,False,False,False,False
isla_no_con_118,False,True,False,False,False,False,False,False,False,False,False,False,False,False,False
isla_no_con_119,False,False,False,False,False,False,False,False,False,False,True,False,False,False,False
isla_no_con_12,True,False,False,False,False,False,False,False,False,False,True,False,False,False,False
isla_no_con_120,True,False,False,False,False,True,False,False,True,False,False,False,False,False,False
isla_no_con_121,True,False,False,False,False,False,False,False,False,False,True,False,False,False,False
isla_no_con_122,False,False,False,False,False,True,True,False,False,False,True,False,False,False,False
isla_no_con_123,False,False,False,False,False,False,False,False,False,False,False,False,False,False,False
isla_no_con_124,False,False,False,False,False,False,False,False,False,False,False,False,True,False,False
isla_no_con_125,False,False,False,False,False,True,False,False,False,False,False,False,False,False,False
isla_no_con_126,False,True,False,False,False,True,False,False,False,False,False,False,True,False,False
isla_no_con_127,False,False,False,False,False,False,False,False,True,False,True,False,False,False,False
isla_no_con_128,False,False,False,False,False,False,False,False,False,False,False,False,True,False,False
isla_no_con_129,False,False,False,False,False,False,False,False,True,False,False,False,False,False,False
isla_no_con_13,False,True,False,False,False,True,False,False,False,False,False,False,True,False,False
isla_no_con_130,False,True,False,False,False,False,True,False,False,False,False,False,False,False,False
isla_no_con_131,False,False,False,False,False,True,False,False,False,False,False,False,False,False,False
isla_no_con_132,False,False,True,True,False,True,False,False,True,True,False,False,False,True,False
isla_no_con_133,False,False,False,False,True,False,False,False,False,False,True,False,True,False,False
isla_no_con_134,False,False,False,False,True,True,False,False,False,False,True,False,False,False,False
isla_no_con_135,False,True,False,False,False,False,True,False,False,False,True,False,False,False,False
isla_no_con_136,False,False,False,False,False,False,False,False,False,False,False,False,False,False,False
isla_no_con_137,False,True,False,False,False,True,False,False,False,False,False,False,False,False,False
isla_no_con_138,False,False,False,False,False,True,False,False,False,False,False,False,False,False,False
isla_no_con_139,False,False,False,False,True,False,False,False,False,False,False,False,True,False,False
isla_no_con_14,False,False,False,False,False,False,False,False,False,False,False,False,False,False,False
isla_no_con_140,False,True,False,False,False,False,False,False,True,False,False,False,False,False,True
isla_no_con_141,False,False,False,False,False,False,False,False,False,False,False,False,True,False,False
isla_no_con_142,False,True,False,False,False,True,False,False,False,False,True,False,False,False,False
isla_no_con_143,False,False,False,False,True,False,False,False,False,False,False,False,False,False,False
isla_no_con_144,False,False,False,False,False,False,False,False,False,False,False,False,True,False,False
isla_no_con_145,False,False,True,True,False,True,True,True,False,False,False,False,True,True,False
isla_no_con_146,False,False,False,False,False,False,False,False,False,False,False,False,True,False,False
isla_no_con_147,False,False,False,False,True,False,False,False,False,False,True,False,False,False,False
isla_no_con_148,True,True,False,False,False,False,False,False,False,False,False,False,False,False,False
isla_no_con_149,False,True,False,False,False,False,False,False,False,False,True,False,False,False,False
isla_no_con_15,False,False,False,False,False,False,True,False,False,False,True,False,False,False,False
isla_no_con_150,False,False,False,False,False,False,False,False,False,False,False,True,True,False,True
isla_no_con_151,False,False,False,False,False,False,True,False,False,False,True,False,False,False,False
isla_no_con_152,True,True,False,False,False,False,False,False,False,False,False,False,False,False,False
isla_no_con_153,False,False,True,True,False,False,False,False,True,True,False,False,True,True,False
isla_no_con_154,False,False,False,False,False,False,False,False,False,False,False,False,False,False,False
isla_no_con_155,False,False,False,False,False,False,False,False,False,False,False,False,False,False,False
isla_no_con_156,False,False,False,False,False,False,False,False,False,False,False,False,True,False,False
isla_no_con_157,False,True,False,False,False,True,False,False,False,False,False,False,True,False,False
isla_no_con_158,True,False,True,True,False,False,False,False,True,True,False,True,True,True,False
isla_no_con_159,False,False,False,False,True,False,False,False,False,False,False,False,False,False,False
isla_no_con_16,True,False,False,False,False,False,False,False,False,False,True,False,True,False,False
isla_no_con_160,True,False,False,False,False,False,False,False,True,False,True,False,False,False,False
isla_no_con_161,False,True,False,False,False,True,False,False,False,False,True,False,False,False,False
isla_no_con_162,False,True,False,True,True,False,False,False,True,False,False,False,True,False,False
isla_no_con_163,False,False,False,False,False,False,False,False,True,False,True,False,False,False,False
isla_no_con_164,False,False,False,False,False,False,False,False,False,False,True,False,False,False,False
isla_no_con_165,False,False,False,False,False,False,False,False,False,False,True,False,True,False,False
isla_no_con_166,False,False,False,False,False,True,False,False,False,False,False,False,False,False,False
isla_no_con_167,False,False,False,False,False,False,False,False,True,False,True,False,False,False,False
isla_no_con_168,False,True,False,False,True,False,False,False,False,False,False,False,False,False,False
isla_no_con_169,False,True,False,False,False,False,False,False,False,False,False,False,False,False,False
isla_no_con_17,False,False,False,False,False,True,False,False,False,False,False,False,False,False,False
isla_no_con_170,True,False,False,True,False,False,False,False,True,False,False,False,True,False,False
isla_no_con_171,False,False,False,False,False,True,True,False,False,False,False,False,False,False,False
isla_no_con_172,False,True,False,False,False,True,True,False,False,False,False,False,True,False,False
isla_no_con_173,False,True,False,False,False,False,False,False,False,False,False,False,False,False,False
isla_no_con_174,False,False,False,False,False,False,False,False,False,False,False,False,True,False,False
isla_no_con_175,False,False,False,False,False,False,False,False,False,False,False,False,False,False,False
isla_no_con_176,False,False,False,False,False,False,False,False,False,False,True,False,False,False,False
isla_no_con_177,False,True,False,False,True,False,False,False,True,False,False,False,False,False,False
isla_no_con_178,False,False,False,False,False,False,False,False,False,False,False,False,True,False,False
isla_no_con_179,True,False,False,False,False,False,False,False,True,False,False,False,False,False,False
isla_no_con_18,False,False,True,True,False,False,False,True,False,False,False,False,False,True,False
isla_no_con_180,False,False,False,False,False,False,False,False,False,False,False,False,False,False,False
isla_no_con_181,False,False,False,False,True,True,False,False,False,False,True,False,False,False,False
isla_no_con_182,False,False,False,False,True,False,False,False,False,False,False,False,False,False,False
isla_no_con_183,False,False,False,False,False,False,False,False,False,False,True,False,True,False,False
isla_no_con_184,False,True,False,False,False,True,False,False,False,False,False,False,False,False,False
isla_no_con_185,False,True,False,False,False,True,False,False,False,False,False,False,False,False,False
isla_no_con_186,True,False,False,False,False,False,False,False,False,False,False,False,False,True,False
isla_no_con_187,False,False,False,False,False,False,False,False,False,False,True,False,False,False,False
isla_no_con_188,False,False,False,False,False,False,False,False,False,False,True,False,False,False,False
isla_no_con_189,False,False,False,True,False,True,False,False,False,False,False,False,False,True,False
isla_no_con_19,False,True,False,False,True,False,False,False,False,False,True,False,False,False,False
isla_no_con_190,False,False,False,False,False,True,False,False,False,False,False,False,True,False,True
isla_no_con_191,False,True,False,False,True,False,False,False,False,False,False,False,True,False,False
isla_no_con_192,True,False,False,False,False,False,False,False,False,False,True,False,False,False,False
isla_no_con_193,False,False,False,False,False,True,True,False,True,False,False,False,False,False,False
isla_no_con_194,False,True,False,False,False,False,False,False,False,False,True,False,False,False,False
isla_no_con_195,False,False,False,False,True,False,False,False,False,False,False,False,False,False,False
isla_no_con_196,False,True,False,False,True,True,False,False,False,False,False,False,False,False,False
isla_no_con_197,False,False,False,False,False,False,False,False,False,False,False,False,False,False,False
isla_no_con_198,False,False,False,False,False,True,False,False,True,False,False,False,False,False,False
isla_no_con_199,False,False,False,False,False,False,False,False,False,True,True,False,True,False,False
isla_no_con_2,False,False,False,False,False,False,False,False,False,False,False,False,True,False,False
isla_no_con_20,False,False,False,False,True,False,False,False,False,False,False,False,True,False,False
isla_no_con_200,False,False,False,False,False,True,True,False,False,False,True,False,True,False,False
isla_no_con_201,False,False,False,True,False,False,False,False,True,False,True,False,False,False,False
isla_no_con_202,False,False,False,False,False,False,False,False,False,False,False,False,True,False,False
isla_no_con_203,False,False,False,False,False,False,False,False,False,False,False,False,False,False,False
isla_no_con_204,False,False,False,False,False,False,True,False,True,False,False,False,True,False,False
isla_no_con_205,False,True,False,True,False,False,False,False,True,True,True,False,False,True,False
isla_no_con_206,False,False,False,False,False,False,False,False,False,False,False,False,False,False,False
isla_no_con_207,True,False,False,False,False,False,False,False,True,False,False,False,False,False,False
isla_no_con_208,False,False,False,False,False,False,True,False,True,False,False,False,True,False,False
isla_no_con_209,False,False,False,False,False,False,False,True,True,False,False,False,False,False,False
isla_no_con_21,False,False,False,False,False,False,False,True,False,False,True,False,False,False,False
isla_no_con_210,False,False,False,False,True,True,False,False,False,False,True,False,True,False,False
isla_no_con_211,False,False,False,False,False,False,False,False,False,False,False,True,False,False,False
isla_no_con_212,False,False,True,False,False,False,False,False,False,False,True,False,False,False,False
isla_no_con_213,False,False,False,False,False,False,False,False,True,False,False,False,False,False,False
isla_no_con_214,False,False,False,True,False,True,False,False,True,False,False,False,False,False,False
isla_no_con_215,False,True,False,False,False,False,False,False,False,False,False,False,False,False,False
isla_no_con_216,True,False,False,False,False,False,False,False,False,False,False,False,False,False,False
isla_no_con_217,False,False,False,False,False,False,False,False,False,False,False,False,False,False,False
isla_no_con_218,False,False,False,False,False,True,True,False,False,False,True,False,False,False,False
isla_no_con_219,False,False,False,False,False,False,False,False,False,False,True,False,False,False,False
isla_no_con_22,False,True,False,False,False,False,False,False,False,False,True,False,False,False,False
isla_no_con_220,False,False,False,False,False,False,False,False,False,False,True,False,False,False,False
isla_no_con_221,False,True,False,False,False,False,True,False,False,False,False,False,False,False,False
isla_no_con_222,False,False,False,False,True,False,False,False,False,False,False,False,False,False,False
isla_no_con_223,False,False,False,False,True,False,False,False,True,False,True,False,False,False,False
isla_no_con_224,True,False,False,False,False,False,False,False,False,False,True,False,True,False,False
isla_no_con_225,False,False,False,True,False,False,False,False,False,False,False,False,False,False,False
isla_no_con_226,True,False,False,False,True,True,False,False,False,False,True,False,False,False,False
isla_no_con_227,False,False,False,False,False,True,False,False,False,False,False,False,False,False,False
isla_no_con_228,False,False,False,False,False,True,False,False,False,False,True,False,False,False,False
isla_no_con_229,False,True,False,False,True,True,False,False,False,False,False,False,False,False,False
isla_no_con_23,False,True,False,False,False,False,False,False,False,False,False,False,False,False,False
isla_no_con_230,False,False,True,True,False,False,False,False,False,False,False,False,False,True,False
isla_no_con_231,True,True,False,False,False,True,False,False,False,False,False,False,False,False,False
isla_no_con_232,False,False,False,False,False,True,True,False,False,False,False,False,False,False,False
isla_no_con_233,False,False,True,True,False,True,False,False,True,True,False,False,True,True,False
isla_no_con_234,False,False,False,False,True,False,False,False,False,False,False,False,False,False,False
isla_no_con_235,False,False,False,False,True,False,False,False,True,False,False,False,False,False,False
isla_no_con_236,False,False,False,False,False,True,False,False,True,False,True,True,False,False,True
isla_no_con_237,False,True,False,False,False,False,False,False,False,False,False,False,False,False,False
isla_no_con_238,False,True,False,False,True,False,False,False,False,False,False,False,False,False,False
isla_no_con_239,False,True,False,False,False,False,True,False,False,False,False,False,False,False,False
isla_no_con_24,False,False,False,False,True,False,False,False,False,False,False,False,False,True,False
isla_no_con_240,False,False,False,False,False,False,False,False,False,False,False,False,True,False,False
isla_no_con_241,False,False,False,False,False,True,False,False,False,False,False,False,False,False,False
isla_no_con_242,False,False,False,False,True,False,False,False,False,False,False,False,False,False,False
isla_no_con_243,False,False,False,False,True,True,False,False,False,False,True,False,False,False,False
isla_no_con_244,False,False,False,False,True,False,False,False,False,False,False,False,False,False,False
isla_no_con_245,False,False,False,False,False,False,False,False,False,False,False,False,False,False,False
isla_no_con_246,False,False,False,False,False,False,False,False,True,False,False,False,True,False,False
isla_no_con_247,False,False,False,False,False,True,False,False,False,False,False,False,False,False,False
isla_no_con_248,False,False,False,False,False,False,True,False,True,False,False,False,False,False,False
isla_no_con_249,False,False,False,False,True,False,False,False,True,False,True,False,True,False,False
isla_no_con_25,False,False,False,False,False,False,False,False,False,False,True,False,True,False,False
isla_no_con_250,False,False,False,False,False,False,False,False,False,False,False,False,False,False,False
isla_no_con_251,False,True,False,False,True,False,False,False,False,False,False,False,False,False,False
isla_no_con_252,False,False,False,False,False,True,False,False,False,False,False,False,False,False,False
isla_no_con_253,False,True,True,True,False,False,False,False,True,True,False,False,False,True,False
isla_no_con_254,True,False,True,True,False,False,True,True,True,True,True,True,True,True,False
isla_no_con_255,False,False,False,False,False,False,False,False,True,False,False,False,False,False,False
isla_no_con_256,False,False,False,False,False,True,False,False,False,False,True,False,True,False,False
isla_no_con_257,True,False,False,False,False,False,False,False,False,False,True,False,True,False,False
isla_no_con_258,False,False,False,False,False,False,False,False,False,False,False,False,False,False,False
isla_no_con_259,False,True,False,False,True,True,False,False,False,False,True,False,False,False,False
isla_no_con_26,False,False,False,False,False,False,False,False,False,False,True,False,False,True,False
isla_no_con_260,False,False,False,False,False,False,False,False,False,False,False,False,False,False,False
isla_no_con_261,False,False,True,True,False,False,False,False,True,True,False,True,False,True,False
isla_no_con_262,False,True,False,False,False,False,False,False,False,False,False,False,False,False,False
isla_no_con_263,False,True,False,False,False,False,False,False,False,False,False,False,False,False,False
isla_no_con_264,False,False,False,False,False,False,False,False,False,False,False,False,False,False,False
isla_no_con_265,False,False,False,False,True,True,False,False,False,False,False,False,False,False,False
isla_no_con_266,False,False,False,False,True,True,False,False,False,False,True,False,True,False,False
isla_no_con_267,False,False,False,False,True,True,False,False,True,False,False,False,False,False,False
isla_no_con_268,True,False,False,False,False,False,False,False,False,False,False,False,False,False,False
isla_no_con_269,False,False,False,False,True,False,True,False,False,False,True,False,True,False,False
isla_no_con_27,False,False,False,False,False,True,True,False,False,False,False,False,True,False,False
isla_no_con_270,False,False,False,False,False,False,True,False,True,False,False,False,False,False,False
isla_no_con_271,False,False,True,True,False,False,False,False,True,True,False,False,True,True,False
isla_no_con_272,False,False,False,False,False,True,False,False,False,False,True,False,False,False,False
isla_no_con_273,False,True,False,False,True,True,False,False,False,False,False,False,False,False,False
isla_no_con_274,False,False,False,True,False,False,True,True,True,False,True,False,True,False,False
isla_no_con_275,True,False,False,False,True,True,False,False,False,False,True,False,True,False,False
isla_no_con_276,False,False,False,False,False,True,False,False,False,False,True,False,False,False,False
isla_no_con_277,False,False,False,False,True,False,False,False,False,False,True,False,True,False,False
isla_no_con_278,False,False,False,False,False,True,False,False,True,False,False,False,True,False,False
isla_no_con_279,False,False,False,False,False,False,True,False,True,False,False,False,False,False,False
isla_no_con_28,False,True,False,False,True,True,False,False,True,False,True,True,False,False,True
isla_no_con_280,False,False,False,False,False,False,False,False,False,False,False,False,False,False,False
isla_no_con_281,False,False,False,False,False,True,True,False,False,False,True,False,True,False,False
isla_no_con_282,True,True,False,False,False,True,False,False,False,False,True,False,False,False,False
isla_no_con_283,False,True,False,False,True,False,False,False,False,False,False,False,False,False,False
isla_no_con_284,False,False,False,False,True,True,True,False,False,False,True,False,True,False,False
isla_no_con_285,False,False,False,False,False,False,False,False,False,False,False,False,False,False,False
isla_no_con_286,False,False,False,False,False,False,False,False,True,False,True,False,True,False,False
isla_no_con_287,False,True,False,False,False,False,False,False,False,False,False,False,True,False,False
isla_no_con_288,False,False,False,False,False,False,False,False,True,False,False,False,False,False,False
isla_no_con_289,False,False,False,False,True,True,False,False,False,False,False,False,False,False,False
isla_no_con_29,False,False,False,False,False,True,False,False,False,False,False,False,True,False,False
isla_no_con_290,False,False,False,False,False,False,True,False,True,True,True,False,False,False,False
isla_no_con_291,False,False,False,False,False,True,False,False,False,False,False,False,False,False,False
isla_no_con_292,True,False,False,False,False,False,False,False,False,False,False,False,False,False,False
isla_no_con_293,False,False,False,True,False,False,False,False,True,False,False,False,False,True,False
isla_no_con_294,False,True,False,False,False,True,False,False,False,False,False,False,False,False,False
isla_no_con_295,False,True,False,False,False,False,False,False,True,False,False,False,False,False,True
isla_no_con_296,False,True,False,False,True,True,False,False,False,False,False,False,False,False,False
isla_no_con_297,True,False,False,False,False,False,False,False,False,False,True,False,False,False,False
isla_no_con_298,False,False,True,True,False,False,False,True,False,False,True,False,False,True,False
isla_no_con_299,False,False,False,False,True,False,False,False,False,False,False,False,False,False,False
isla_no_con_3,False,False,False,False,True,False,False,False,False,False,False,False,False,True,False
isla_no_con_30,False,False,False,False,True,False,False,False,False,False,False,False,False,False,False
isla_no_con_300,False,False,False,True,True,False,True,True,True,False,False,False,True,False,False
isla_no_con_301,False,False,False,False,False,True,False,False,False,False,False,False,False,False,False
isla_no_con_302,False,False,True,True,True,False,False,False,True,True,False,False,True,True,False
isla_no_con_303,False,False,False,False,False,True,True,False,False,False,True,False,False,False,False
isla_no_con_304,False,False,False,False,False,True,False,False,False,False,False,False,False,False,False
isla_no_con_305,False,False,False,True,False,True,False,False,False,False,True,False,False,False,False
isla_no_con_306,False,False,False,False,False,False,False,False,False,False,True,False,False,False,False
isla_no_con_307,False,False,False,False,False,False,False,False,True,False,False,False,True,False,False
isla_no_con_308,False,True,False,False,False,False,False,False,True,False,False,False,False,False,False
isla_no_con_309,False,False,False,False,True,True,False,False,False,False,False,False,False,False,False
isla_no_con_31,True,False,False,False,False,False,False,False,False,False,True,False,False,False,False
isla_no_con_310,False,False,True,True,True,False,False,False,True,True,False,False,True,True,False
isla_no_con_311,False,True,False,False,False,True,False,False,False,False,True,False,False,False,False
isla_no_con_312,False,True,False,False,False,False,False,False,False,False,False,False,False,False,False
isla_no_con_313,False,True,False,False,False,True,False,False,False,False,False,False,False,False,False
isla_no_con_314,False,True,False,False,False,False,False,False,False,False,False,False,False,False,False
isla_no_con_315,True,False,False,False,False,True,False,False,True,False,True,True,False,False,True
isla_no_con_316,False,False,True,True,False,False,False,False,True,True,False,False,True,True,False
isla_no_con_317,False,True,False,False,False,False,False,False,False,False,False,False,True,False,False
isla_no_con_318,False,False,False,False,False,True,False,False,True,False,True,False,False,False,False
isla_no_con_319,False,False,False,False,False,False,False,False,False,False,True,False,True,True,False
isla_no_con_32,True,True,False,False,False,False,False,False,False,False,True,False,False,False,False
isla_no_con_320,False,False,False,False,False,False,False,False,False,False,False,False,False,False,False
isla_no_con_321,False,False,False,False,False,False,False,False,False,False,True,False,False,False,False
isla_no_con_322,False,True,False,False,True,False,False,False,False,False,False,False,False,False,False
isla_no_con_323,False,True,False,False,True,True,False,False,False,False,False,False,False,False,False
isla_no_con_324,False,False,False,False,False,False,False,False,False,False,True,False,False,False,False
isla_no_con_325,False,False,False,False,False,True,False,False,False,False,True,False,True,False,False
isla_no_con_326,False,True,False,False,False,False,True,False,False,False,False,False,False,False,False
isla_no_con_327,False,True,False,False,False,True,False,False,False,False,False,False,True,False,False
isla_no_con_328,False,False,True,True,True,False,False,False,False,True,True,False,False,False,False
isla_no_con_329,False,True,False,False,False,True,True,False,False,False,True,False,True,False,False
isla_no_con_33,False,False,False,False,False,False,True,False,False,False,True,False,False,False,False
isla_no_con_330,False,False,False,False,False,False,False,False,False,False,True,False,False,True,False
isla_no_con_331,False,False,True,True,True,True,False,False,True,True,False,False,False,True,False
isla_no_con_332,False,False,True,True,False,False,True,True,True,True,True,True,False,True,False
isla_no_con_333,True,True,False,False,True,False,False,False,False,False,False,False,False,False,False
isla_no_con_334,False,True,False,False,False,True,False,False,False,False,False,False,True,False,False
isla_no_con_335,False,True,False,False,False,False,False,False,False,False,False,False,True,False,False
isla_no_con_336,False,False,False,False,True,True,False,False,False,False,True,False,False,False,True
isla_no_con_337,False,False,False,False,True,True,False,False,False,False,True,False,False,False,False
isla_no_con_338,False,True,False,False,False,False,False,False,False,False,False,False,False,False,False
isla_no_con_339,False,False,False,False,False,False,False,False,False,False,False,False,True,False,False
isla_no_con_34,True,False,False,False,True,True,False,False,False,False,True,False,True,False,False
isla_no_con_340,False,False,False,False,False,False,False,False,True,False,True,False,False,False,False
isla_no_con_341,True,False,False,False,False,False,False,False,False,False,False,False,False,False,False
isla_no_con_342,False,False,True,True,False,False,False,False,True,True,False,False,True,True,False
isla_no_con_343,False,False,False,False,False,False,False,False,False,False,True,False,False,False,True
isla_no_con_344,False,False,False,False,False,False,False,False,False,False,False,False,False,False,False
isla_no_con_345,False,False,False,False,False,True,False,False,False,False,False,False,True,False,False
isla_no_con_346,False,False,False,False,False,False,True,False,True,False,False,False,True,False,False
isla_no_con_347,False,False,False,False,False,True,False,False,True,True,True,False,True,False,False
isla_no_con_348,True,False,False,False,False,False,False,False,False,False,True,False,True,False,False
isla_no_con_349,False,False,False,False,False,False,False,False,True,False,False,False,True,False,False
isla_no_con_35,False,False,False,False,False,False,True,False,True,False,True,True,False,False,False
isla_no_con_350,False,False,False,False,False,True,False,False,False,False,False,False,False,False,False
isla_no_con_351,False,False,False,False,False,False,False,False,False,False,False,False,True,False,False
isla_no_con_352,True,True,False,False,False,True,False,False,False,False,False,False,False,False,False
isla_no_con_353,False,False,False,False,False,False,False,False,False,False,False,False,False,False,False
isla_no_con_354,True,False,False,False,True,True,False,False,False,False,True,True,False,False,False
isla_no_con_355,False,False,False,False,False,False,True,False,True,False,False,False,False,False,False
isla_no_con_356,False,False,False,True,True,True,False,False,True,False,False,False,False,False,False
isla_no_con_357,False,True,False,False,False,True,False,False,False,False,False,False,False,False,False
isla_no_con_358,False,False,False,True,False,False,False,False,True,False,False,False,False,True,False
isla_no_con_359,False,True,False,False,False,True,False,False,False,False,False,False,False,False,False
isla_no_con_36,False,False,False,False,False,False,False,False,False,False,True,False,False,False,False
isla_no_con_360,False,False,False,False,False,False,False,False,True,False,False,False,False,False,False
isla_no_con_361,False,True,False,False,False,False,False,False,False,False,False,False,False,False,False
isla_no_con_362,True,False,False,False,False,True,False,False,False,False,True,False,False,False,False
isla_no_con_363,False,False,False,False,True,False,False,False,False,False,False,False,True,False,False
isla_no_con_364,False,False,False,False,False,False,False,False,False,False,False,False,False,False,False
isla_no_con_365,False,True,False,False,False,False,False,False,False,False,True,False,True,False,False
isla_no_con_366,False,False,True,True,False,False,False,False,True,True,False,False,False,True,False
isla_no_con_367,True,False,False,False,False,True,False,False,True,False,True,False,False,False,False
isla_no_con_368,True,True,False,False,False,True,False,False,False,False,True,False,False,False,True
isla_no_con_369,False,False,False,False,False,False,False,False,True,False,False,False,True,False,False
isla_no_con_37,False,True,False,False,False,False,False,False,False,False,False,False,False,False,False
isla_no_con_370,False,False,False,False,False,False,False,False,False,False,False,False,False,False,False
isla_no_con_371,False,True,False,False,False,False,False,False,True,False,True,False,True,False,False
isla_no_con_372,False,False,False,False,True,False,False,False,False,False,True,False,False,False,False
isla_no_con_373,False,False,False,False,False,False,False,False,False,False,True,False,False,False,False
isla_no_con_374,False,False,False,False,False,True,False,False,True,False,False,False,True,False,False
isla_no_con_375,False,False,False,False,False,True,False,False,False,False,True,False,False,False,True
isla_no_con_376,False,False,False,False,False,False,False,False,False,False,True,False,False,False,False
isla_no_con_377,False,False,False,False,True,False,False,False,True,False,False,False,False,False,False
isla_no_con_378,False,True,False,False,False,True,False,False,False,False,False,False,False,False,False
isla_no_con_379,False,False,False,False,False,True,False,False,False,False,False,False,False,False,False
isla_no_con_38,False,False,False,False,False,False,False,False,False,False,False,False,False,False,False
isla_no_con_380,False,False,False,False,False,True,True,False,True,False,False,False,False,False,False
isla_no_con_381,False,True,False,False,True,False,False,False,False,False,False,False,False,False,False
isla_no_con_382,False,False,False,False,False,False,False,False,False,False,True,False,False,False,False
isla_no_con_383,False,True,False,False,True,False,False,False,False,False,False,False,True,False,False
isla_no_con_384,False,False,False,False,False,False,False,False,False,False,False,False,True,False,False
isla_no_con_385,True,False,False,False,False,False,False,False,False,False,True,False,False,False,False
isla_no_con_386,False,True,False,False,False,True,False,False,False,False,False,False,False,False,False
isla_no_con_387,False,True,False,False,False,False,False,False,False,False,True,False,False,False,False
isla_no_con_388,True,False,False,False,False,False,False,False,False,False,False,False,False,False,False
isla_no_con_389,False,True,False,False,False,True,False,False,False,False,False,False,True,False,False
isla_no_con_39,False,False,False,False,False,False,False,False,False,False,True,False,False,False,False
isla_no_con_390,False,True,False,False,True,True,False,False,False,False,True,False,True,False,False
isla_no_con_391,False,False,False,False,True,True,True,False,False,False,False,False,False,False,False
isla_no_con_392,False,False,False,False,False,False,False,False,False,False,False,False,False,False,False
isla_no_con_393,False,True,False,False,True,False,False,False,False,False,False,False,False,False,False
isla_no_con_394,False,False,False,False,False,True,True,False,False,False,True,False,False,False,False
isla_no_con_395,False,False,False,False,True,False,True,False,True,False,True,False,True,False,False
isla_no_con_396,False,True,False,False,False,True,False,False,False,False,False,False,False,False,False
isla_no_con_397,False,False,True,True,False,False,False,False,True,True,False,False,True,True,False
isla_no_con_398,False,True,False,False,True,False,False,False,True,False,False,False,False,False,False
isla_no_con_399,False,False,False,False,False,False,False,False,False,False,False,False,False,False,False
isla_no_con_4,False,False,True,True,False,True,False,False,True,True,False,False,True,True,False
isla_no_con_40,False,False,False,True,True,False,False,False,True,False,False,False,False,False,False
isla_no_con_400,False,True,False,False,False,False,False,False,False,False,False,False,True,False,False
isla_no_con_401,True,False,False,False,False,False,False,False,False,False,True,False,True,False,True
isla_no_con_402,True,False,False,False,False,False,False,False,False,False,True,False,True,False,False
isla_no_con_403,False,False,False,False,True,True,False,False,True,False,True,False,False,False,False
isla_no_con_404,False,False,False,False,False,False,False,False,True,False,False,False,True,False,False
isla_no_con_405,True,False,False,False,False,False,False,False,True,False,True,False,False,False,False
isla_no_con_406,False,True,False,False,True,True,False,False,False,False,False,False,False,False,False
isla_no_con_407,True,True,False,False,False,True,False,False,False,False,True,False,False,False,False
isla_no_con_408,False,False,False,True,True,False,True,True,True,False,False,False,True,False,False
isla_no_con_409,False,True,False,False,True,False,False,False,False,False,False,False,False,False,False
isla_no_con_41,False,False,False,False,False,True,False,False,False,False,False,False,False,False,False
isla_no_con_410,False,False,False,False,False,False,False,False,False,False,False,False,True,False,False
isla_no_con_411,False,True,False,False,False,False,False,False,False,False,False,False,False,False,False
isla_no_con_412,False,False,False,False,False,False,False,False,False,False,False,False,False,False,False
isla_no_con_413,True,False,False,False,False,False,False,False,False,False,True,False,False,False,False
isla_no_con_414,False,True,False,False,False,True,False,False,True,False,False,False,False,False,False
isla_no_con_415,False,False,False,False,False,True,True,False,False,False,True,False,True,False,False
isla_no_con_416,False,False,False,False,False,True,False,False,False,False,False,False,False,False,False
isla_no_con_417,True,True,False,False,False,True,False,False,False,False,False,False,False,False,False
isla_no_con_418,True,False,False,False,False,False,False,False,True,False,False,False,False,False,False
isla_no_con_419,False,True,False,False,False,True,False,False,False,False,False,False,False,False,False
isla_no_con_42,False,False,False,False,False,True,False,False,False,False,False,False,False,False,False
isla_no_con_420,False,False,True,True,True,True,False,True,True,True,False,False,True,True,False
isla_no_con_421,True,True,False,False,False,False,False,False,False,False,True,False,False,False,False
isla_no_con_422,False,False,False,False,True,False,False,False,True,False,False,False,False,False,False
isla_no_con_423,False,False,True,True,False,False,False,False,True,True,True,True,False,True,False
isla_no_con_424,False,False,False,False,True,False,False,False,True,False,False,False,False,False,False
isla_no_con_425,False,False,True,True,False,False,True,True,False,False,False,False,False,True,False
isla_no_con_426,True,True,False,False,False,True,False,False,False,False,True,False,True,False,False
isla_no_con_427,False,False,False,False,False,True,True,False,False,False,True,False,False,False,False
isla_no_con_428,False,False,False,False,False,False,False,False,False,False,True,False,True,False,False
isla_no_con_429,False,False,False,False,True,False,False,False,False,False,True,False,True,False,False
isla_no_con_43,False,True,False,False,False,True,False,False,False,False,False,False,True,False,False
isla_no_con_430,False,True,False,False,False,True,False,False,False,False,False,False,False,False,False
isla_no_con_431,False,False,False,False,True,False,False,False,False,False,False,False,False,False,False
isla_no_con_432,False,True,False,False,False,False,False,False,False,False,False,False,False,False,False
isla_no_con_433,False,False,False,False,False,True,False,False,False,False,True,False,False,False,True
isla_no_con_434,False,False,False,False,False,False,False,False,False,False,True,False,False,False,False
isla_no_con_435,False,False,False,True,True,False,False,False,True,False,False,False,False,True,False
isla_no_con_436,True,False,False,False,True,True,False,False,True,False,True,False,True,False,False
isla_no_con_437,False,True,False,False,True,False,False,False,False,False,False,False,False,False,False
isla_no_con_438,False,False,False,False,True,False,False,False,False,False,False,False,False,True,False
isla_no_con_439,False,False,False,False,False,True,False,False,False,False,True,False,False,False,True
isla_no_con_44,False,False,True,True,False,False,False,False,True,True,False,False,False,True,False
isla_no_con_440,False,False,False,False,False,True,False,False,False,False,True,False,False,False,False
isla_no_con_441,False,False,False,False,False,False,False,False,False,False,False,False,True,False,False
isla_no_con_442,False,True,False,False,False,True,False,False,False,False,False,False,False,False,False
isla_no_con_443,False,False,False,False,False,False,False,False,False,False,False,False,False,False,False
isla_no_con_444,False,False,False,False,False,False,False,False,False,False,True,False,False,False,True
isla_no_con_445,False,False,True,True,True,True,False,True,True,True,False,False,True,True,False
isla_no_con_446,False,True,False,False,False,False,True,False,False,False,False,False,True,False,False
isla_no_con_447,True,False,False,False,False,False,False,False,False,False,True,False,False,False,False
isla_no_con_448,False,False,False,False,True,True,False,False,False,False,True,False,True,False,False
isla_no_con_449,False,True,False,False,False,False,True,False,False,False,True,False,False,False,False
isla_no_con_45,False,False,False,False,True,True,False,False,True,False,True,False,False,False,False
isla_no_con_450,False,False,False,False,False,False,False,False,False,False,False,False,False,False,False
isla_no_con_451,False,False,False,False,False,False,False,False,True,False,False,False,False,False,False
isla_no_con_452,False,False,False,False,False,False,False,False,False,False,False,False,True,False,False
isla_no_con_453,False,False,False,False,True,False,False,False,False,False,True,False,False,True,True
isla_no_con_454,False,False,False,False,True,False,False,False,False,False,False,False,False,False,False
isla_no_con_455,False,False,False,False,False,False,False,False,False,False,False,False,False,False,False
isla_no_con_456,False,False,False,False,False,False,False,False,False,False,False,False,False,False,False
isla_no_con_457,False,False,False,False,False,False,False,False,False,False,True,False,False,False,False
isla_no_con_458,False,False,False,False,False,True,False,False,False,False,False,False,False,False,False
isla_no_con_459,True,False,False,False,False,False,False,False,False,False,True,False,True,False,False
isla_no_con_46,False,True,False,False,False,False,False,False,False,False,True,False,True,False,False
isla_no_con_460,False,True,False,False,False,True,False,False,False,False,False,False,True,False,False
isla_no_con_461,False,True,False,False,False,True,False,False,False,False,False,False,False,False,False
isla_no_con_462,True,False,False,False,False,False,False,False,True,False,False,True,False,False,False
isla_no_con_463,False,True,False,False,False,True,False,False,False,False,False,False,False,False,False
isla_no_con_464,False,False,False,False,False,False,False,False,False,False,False,False,False,False,False
isla_no_con_465,False,True,False,False,True,True,False,False,False,False,False,False,False,False,False
isla_no_con_466,False,False,False,False,False,False,False,False,True,False,True,False,True,False,False
isla_no_con_467,False,False,False,False,False,False,False,False,False,False,True,False,True,False,False
isla_no_con_468,False,False,False,False,False,True,False,False,True,False,False,False,False,False,False
isla_no_con_469,False,True,False,False,False,True,False,False,False,False,False,False,True,False,False
isla_no_con_47,False,False,False,False,False,True,False,False,True,True,True,False,False,False,False
isla_no_con_470,False,False,True,True,False,False,False,False,True,True,False,False,True,True,False
isla_no_con_471,False,False,False,False,False,False,True,False,False,False,False,False,False,False,False
isla_no_con_472,False,False,False,False,False,False,False,False,False,False,False,False,False,False,False
isla_no_con_473,False,True,False,False,False,False,False,False,False,False,False,False,False,False,False
isla_no_con_474,False,True,False,False,False,False,False,False,False,False,True,False,True,False,True
isla_no_con_475,False,False,False,False,False,False,False,False,True,False,True,False,False,False,False
isla_no_con_476,False,False,False,False,False,False,True,False,False,False,True,False,False,False,False
isla_no_con_477,False,True,False,False,False,False,False,False,False,False,False,False,False,False,False
isla_no_con_478,False,True,False,False,True,True,False,False,False,False,False,False,True,False,False
isla_no_con_479,False,False,False,False,False,False,False,False,False,False,False,False,True,False,False
isla_no_con_48,False,True,False,False,False,False,False,False,False,False,False,False,False,False,False
isla_no_con_480,False,False,False,False,True,True,True,False,False,False,False,False,False,False,False
isla_no_con_481,False,False,False,False,True,False,False,False,False,False,False,False,True,False,False
isla_no_con_482,False,False,False,False,False,False,False,False,False,False,False,False,True,False,False
isla_no_con_483,False,False,False,False,True,False,False,False,False,False,False,False,False,False,False
isla_no_con_484,True,True,False,False,False,True,False,False,False,False,False,False,False,False,False
isla_no_con_485,False,False,False,False,True,False,False,False,False,False,True,False,False,False,False
isla_no_con_486,False,False,True,True,False,False,False,False,True,True,False,False,False,True,False
isla_no_con_487,False,False,False,False,False,False,False,False,False,False,False,False,True,False,False
isla_no_con_488,False,False,False,False,False,True,False,False,False,False,False,False,False,False,False
isla_no_con_489,False,True,False,False,False,True,True,False,False,False,False,False,True,False,False
isla_no_con_49,False,False,False,False,False,True,False,False,False,False,False,False,False,False,False
isla_no_con_490,False,False,False,False,False,False,False,False,False,False,True,False,False,False,False
isla_no_con_491,False,False,False,False,False,False,False,False,False,False,False,False,False,False,False
isla_no_con_492,False,False,False,False,False,True,True,False,False,False,True,False,False,False,False
isla_no_con_493,False,False,False,False,True,False,False,False,False,False,False,False,False,False,False
isla_no_con_494,True,False,False,False,False,False,False,False,True,False,False,True,True,False,False
isla_no_con_495,False,True,False,False,True,True,False,False,True,False,False,False,False,False,False
isla_no_con_496,True,False,False,False,True,False,False,False,False,False,True,False,True,False,False
isla_no_con_497,False,False,False,False,True,False,False,False,False,False,True,False,True,False,False
isla_no_con_498,False,False,False,False,True,False,False,False,False,False,False,False,False,False,False
isla_no_con_499,False,False,False,False,False,True,False,False,False,False,False,False,False,False,False
isla_no_con_5,False,False,False,False,True,False,False,False,False,False,True,False,True,False,False
isla_no_con_50,False,False,False,False,False,False,False,False,False,False,True,False,False,False,False
isla_no_con_500,True,False,False,False,False,False,False,False,False,False,True,False,True,False,False
isla_no_con_501,False,False,False,False,False,True,True,False,False,False,False,False,False,False,False
isla_no_con_502,False,True,False,False,False,False,False,False,True,False,True,False,False,False,False
isla_no_con_503,False,False,False,False,False,True,False,False,False,False,False,False,True,False,False
isla_no_con_504,False,True,False,False,False,False,True,False,False,False,False,False,False,False,False
isla_no_con_505,False,False,True,True,True,False,False,False,True,True,False,False,True,True,False
isla_no_con_506,False,False,True,True,False,False,False,False,True,True,False,False,True,True,False
isla_no_con_507,False,True,False,False,True,True,False,False,False,False,False,False,False,False,False
isla_no_con_508,False,False,False,False,True,False,False,False,False,False,False,False,False,False,False
isla_no_con_509,False,True,False,False,False,False,True,False,False,False,False,False,False,False,False
isla_no_con_51,False,False,False,False,True,False,False,False,False,False,False,False,False,False,False
isla_no_con_510,False,False,False,False,False,False,False,False,True,False,False,False,False,False,False
isla_no_con_511,False,False,False,False,False,False,False,False,False,False,False,False,True,False,False
isla_no_con_512,False,False,False,False,True,False,False,False,False,False,False,False,False,False,False
isla_no_con_513,True,True,False,False,False,False,False,False,False,False,True,False,False,False,False
isla_no_con_514,False,True,False,False,False,True,False,False,False,False,False,False,False,False,False
isla_no_con_515,False,False,True,True,False,False,False,False,True,True,True,False,False,False,False
isla_no_con_516,False,True,False,False,False,True,False,False,False,False,False,False,True,False,False
isla_no_con_517,False,False,False,False,False,False,False,False,False,False,True,False,False,False,False
isla_no_con_518,False,False,False,False,True,False,False,False,False,False,False,False,False,False,False
isla_no_con_519,False,True,False,False,False,False,False,False,False,False,False,False,True,False,False
isla_no_con_52,False,True,False,False,False,False,False,False,False,False,False,False,False,False,False
isla_no_con_520,True,True,False,False,False,False,True,False,False,False,False,False,False,False,False
isla_no_con_521,True,False,False,True,True,True,False,False,True,False,False,False,True,False,False
isla_no_con_522,True,False,False,False,True,False,False,False,False,False,False,False,False,True,False
isla_no_con_523,False,False,False,False,False,False,False,False,False,False,False,False,False,False,False
isla_no_con_524,False,True,False,False,False,False,True,False,False,False,True,False,False,False,False
isla_no_con_525,False,False,False,False,False,True,False,False,True,False,False,False,True,False,False
isla_no_con_526,False,False,False,False,False,True,True,False,False,False,True,False,False,False,False
isla_no_con_527,False,True,False,False,True,True,False,False,False,False,True,False,False,False,False
isla_no_con_528,False,False,False,True,False,True,False,False,False,False,True,False,False,False,False
isla_no_con_529,False,False,True,True,False,True,True,True,True,True,True,False,True,True,False
isla_no_con_53,True,True,False,False,False,True,False,False,False,False,False,False,False,False,False
isla_no_con_530,False,False,False,False,False,False,True,False,False,False,False,False,False,False,False
isla_no_con_531,False,False,False,False,False,False,True,False,False,False,True,False,False,False,False
isla_no_con_532,False,True,False,False,False,False,True,False,False,False,True,False,True,False,False
isla_no_con_533,False,False,False,False,False,True,False,False,False,False,True,False,False,False,False
isla_no_con_534,True,False,False,False,False,False,True,True,True,False,True,False,False,False,False
isla_no_con_535,False,False,False,False,False,False,False,False,True,False,True,False,True,False,True
isla_no_con_536,False,False,False,False,False,False,False,False,False,False,False,False,False,False,False
isla_no_con_537,False,True,False,False,True,False,False,False,False,False,False,False,False,False,False
isla_no_con_538,False,False,False,False,False,False,False,False,False,False,False,False,False,False,False
isla_no_con_539,False,True,False,False,True,False,False,False,False,False,False,False,False,False,False
isla_no_con_54,False,False,False,False,False,False,False,False,False,False,True,False,False,False,False
isla_no_con_540,False,True,False,False,True,True,False,False,False,False,False,False,False,False,False
isla_no_con_541,False,False,False,False,False,False,False,False,False,False,True,False,False,False,False
isla_no_con_542,False,True,False,False,False,True,True,False,False,False,True,False,False,False,False
isla_no_con_543,False,False,False,False,False,False,False,False,True,False,False,False,False,False,False
isla_no_con_544,False,True,False,False,False,False,False,False,False,False,True,False,False,False,False
isla_no_con_545,True,False,False,False,False,True,False,False,True,False,True,False,False,False,False
isla_no_con_546,False,False,False,False,True,False,False,False,True,False,True,False,False,False,True
isla_no_con_547,False,True,False,False,False,True,False,False,False,False,False,False,False,False,False
isla_no_con_548,False,False,False,False,True,False,True,False,True,False,True,False,False,False,False
isla_no_con_549,False,True,False,False,False,True,False,False,False,False,True,False,False,False,False
isla_no_con_55,False,False,False,False,False,False,False,False,True,False,False,False,False,False,False
isla_no_con_550,False,True,False,False,True,False,True,False,False,False,True,False,True,False,False
isla_no_con_551,False,True,False,False,True,True,False,False,False,False,False,False,False,False,False
isla_no_con_552,False,True,False,False,False,True,True,False,False,False,True,False,False,False,False
isla_no_con_553,False,False,False,False,False,False,False,False,False,False,False,False,False,False,False
isla_no_con_554,False,False,False,False,False,False,False,False,False,False,False,False,False,False,False
isla_no_con_555,False,True,False,False,False,False,False,False,False,False,False,False,False,False,False
isla_no_con_556,False,False,False,False,False,False,False,False,False,False,False,False,False,False,False
isla_no_con_557,False,False,False,False,False,True,False,False,False,False,True,False,False,False,False
isla_no_con_558,False,True,False,False,False,True,False,False,True,False,False,False,False,False,False
isla_no_con_559,False,False,False,False,False,False,False,False,False,False,False,False,False,False,False
isla_no_con_56,False,True,False,False,False,True,True,False,False,False,False,False,False,False,False
isla_no_con_560,False,True,False,False,True,False,False,False,False,False,False,False,True,False,False
isla_no_con_561,False,False,False,False,False,False,False,False,False,False,False,True,True,False,False
isla_no_con_562,True,False,False,False,False,False,False,False,False,False,True,False,False,False,False
isla_no_con_563,False,False,False,False,False,False,False,False,False,False,True,False,True,False,True
isla_no_con_564,False,False,True,True,True,True,False,False,True,True,False,False,True,True,False
isla_no_con_565,False,True,False,False,False,False,False,False,False,False,False,False,False,False,False
isla_no_con_566,False,False,False,False,True,False,False,False,False,False,False,False,False,False,False
isla_no_con_567,False,True,False,False,False,True,False,False,True,False,False,False,False,False,True
isla_no_con_568,False,False,False,False,False,True,False,False,False,False,False,False,True,False,False
isla_no_con_569,False,False,False,False,True,True,False,False,False,False,False,False,False,False,False
isla_no_con_57,False,False,False,False,False,False,True,False,False,False,False,False,True,False,False
isla_no_con_570,False,True,False,False,False,False,False,False,False,False,False,False,False,False,False
isla_no_con_571,False,True,False,False,True,True,False,False,False,False,False,False,False,False,False
isla_no_con_572,False,True,False,False,False,True,False,False,True,False,True,False,False,False,False
isla_no_con_573,False,False,False,False,False,True,False,False,False,False,True,False,True,False,False
isla_no_con_574,False,True,False,False,True,True,False,False,False,False,False,False,False,False,False
isla_no_con_575,False,False,False,False,False,False,False,False,False,False,True,False,False,False,False
isla_no_con_576,False,False,True,False,False,True,False,False,False,False,True,False,False,False,False
isla_no_con_577,False,False,False,False,False,True,False,False,False,False,False,False,False,False,False
isla_no_con_578,False,False,False,False,True,False,False,False,False,False,True,False,False,False,False
isla_no_con_579,False,False,False,False,False,False,False,False,True,False,True,False,True,False,False
isla_no_con_58,True,True,False,False,False,False,False,False,False,False,True,False,False,False,False
isla_no_con_580,False,False,False,False,False,False,False,False,False,False,True,False,False,False,False
isla_no_con_581,False,False,False,False,False,True,False,False,False,False,False,False,True,False,False
isla_no_con_582,False,True,False,False,True,False,False,False,False,False,False,False,False,False,False
isla_no_con_583,False,True,False,False,False,True,False,False,False,False,False,False,False,False,False
isla_no_con_584,False,True,False,False,False,False,False,False,False,False,True,False,False,False,False
isla_no_con_585,False,False,False,False,False,True,False,False,False,False,True,False,False,False,False
isla_no_con_586,True,True,True,True,False,False,False,False,True,True,False,True,True,True,False
isla_no_con_587,False,False,False,False,False,False,False,False,False,False,False,False,False,False,False
isla_no_con_588,True,False,True,True,False,False,False,False,True,True,False,False,True,True,False
isla_no_con_589,False,True,False,False,False,False,False,False,False,False,False,False,True,False,False
isla_no_con_59,False,True,False,False,False,False,False,False,False,False,True,False,False,False,False
isla_no_con_590,False,False,False,False,False,False,False,False,True,False,True,False,False,False,False
isla_no_con_591,False,False,False,False,False,False,False,False,False,False,False,False,False,False,False
isla_no_con_592,False,False,False,False,False,False,False,False,False,False,True,False,False,False,False
isla_no_con_593,False,False,False,False,False,True,False,False,False,False,False,False,False,False,False
isla_no_con_594,False,False,False,False,False,False,False,False,False,False,True,False,True,False,False
isla_no_con_595,False,False,False,False,False,True,True,False,False,False,True,False,False,False,False
isla_no_con_596,False,True,False,False,False,True,True,False,False,False,True,False,False,False,False
isla_no_con_597,False,False,False,False,False,False,False,False,False,False,True,False,False,False,False
isla_no_con_598,False,False,False,False,False,False,True,False,False,False,True,False,False,False,False
isla_no_con_599,False,False,False,False,False,False,False,False,False,False,False,False,False,False,False
isla_no_con_6,False,False,False,False,True,False,False,False,False,False,True,False,False,False,False
isla_no_con_60,False,True,False,False,True,False,True,False,False,False,False,False,False,False,False
isla_no_con_600,False,False,False,False,False,True,False,False,True,True,True,False,False,False,False
isla_no_con_601,False,False,False,False,False,False,False,True,False,False,True,False,False,False,False
isla_no_con_602,False,False,False,False,False,False,False,False,True,False,False,False,False,False,False
isla_no_con_603,False,False,False,False,False,False,False,False,False,False,False,False,False,False,False
isla_no_con_604,False,False,True,True,False,False,False,False,True,True,False,False,False,True,False
isla_no_con_605,False,False,False,False,True,True,False,False,False,False,False,False,False,False,False
isla_no_con_606,False,False,False,False,False,True,False,False,False,False,False,False,True,False,False
isla_no_con_607,False,False,False,False,False,True,False,False,False,False,False,False,False,False,False
isla_no_con_608,True,False,False,False,False,True,False,False,False,False,True,False,False,False,False
isla_no_con_609,False,False,False,False,False,False,False,False,False,False,False,False,False,False,False
isla_no_con_61,False,False,False,False,True,False,False,False,False,False,False,False,False,False,False
isla_no_con_610,False,False,False,False,False,False,True,False,False,False,False,False,False,False,False
isla_no_con_611,False,True,False,False,False,True,False,False,False,False,False,False,True,False,False
isla_no_con_612,True,False,False,False,True,True,False,False,False,False,True,False,False,False,False
isla_no_con_613,False,True,False,False,True,False,False,False,False,False,False,False,False,False,False
isla_no_con_614,False,False,False,False,False,False,False,False,False,True,True,True,False,False,False
isla_no_con_615,False,False,False,False,True,False,False,False,False,False,True,False,False,False,False
isla_no_con_616,False,True,False,False,False,True,False,False,False,False,False,False,False,False,False
isla_no_con_617,False,True,False,False,False,False,False,False,False,False,False,False,False,False,False
isla_no_con_618,False,False,False,False,True,True,False,False,True,False,True,False,True,False,False
isla_no_con_619,False,True,False,False,False,True,False,False,False,False,False,False,False,False,False
isla_no_con_62,False,False,False,False,False,False,True,False,False,False,False,False,False,False,False
isla_no_con_620,False,False,False,False,True,False,False,False,True,False,False,False,False,False,False
isla_no_con_621,False,True,False,False,False,False,True,False,False,False,False,False,False,False,False
isla_no_con_622,False,True,False,False,False,False,False,False,False,False,True,False,False,False,False
isla_no_con_623,False,False,False,False,True,False,False,False,False,False,False,False,False,False,False
isla_no_con_624,False,True,False,False,True,True,False,False,False,False,False,False,False,False,False
isla_no_con_625,True,False,False,False,True,False,False,False,False,False,False,False,False,False,False
isla_no_con_626,False,False,False,False,False,False,True,False,False,False,False,False,False,False,False
isla_no_con_627,True,False,False,False,False,True,False,False,False,False,False,False,False,False,False
isla_no_con_628,False,False,True,True,False,False,False,False,True,True,False,False,True,True,False
isla_no_con_629,False,False,False,False,True,True,False,False,False,False,False,False,False,False,False
isla_no_con_63,False,False,True,True,True,False,False,False,True,True,False,False,False,True,False
isla_no_con_630,False,False,False,False,True,False,False,False,False,False,False,False,False,False,False
isla_no_con_631,False,False,False,False,True,True,False,False,False,False,False,False,False,False,False
isla_no_con_632,False,False,False,False,False,False,False,False,False,False,False,False,True,False,False
isla_no_con_633,False,True,False,False,False,False,False,False,False,False,False,False,True,False,False
isla_no_con_634,False,True,False,False,True,True,False,False,False,False,False,False,False,False,False
isla_no_con_635,False,False,False,False,False,True,False,False,False,False,False,False,False,False,False
isla_no_con_636,False,False,False,False,False,False,False,False,False,False,False,False,False,False,False
isla_no_con_637,False,False,False,False,False,False,False,False,False,False,False,False,True,False,False
isla_no_con_638,False,False,False,False,False,False,False,False,False,False,False,False,False,False,False
isla_no_con_639,False,False,False,False,False,True,False,False,True,False,True,False,True,False,False
isla_no_con_64,False,False,False,False,True,False,False,False,False,False,False,False,False,False,False
isla_no_con_640,False,False,False,False,False,False,False,False,False,False,True,False,True,False,False
isla_no_con_641,False,False,False,False,False,False,False,False,False,False,False,False,True,False,False
isla_no_con_642,True,False,False,False,False,True,False,False,False,False,False,False,False,False,False
isla_no_con_643,False,False,False,False,False,False,False,False,False,False,False,False,False,True,False
isla_no_con_644,True,False,False,False,False,False,False,False,False,False,False,False,False,False,False
isla_no_con_645,False,True,False,False,False,True,False,False,False,False,True,False,False,False,True
isla_no_con_646,False,True,False,False,True,False,False,False,False,False,False,False,False,False,False
isla_no_con_647,False,False,False,False,False,False,True,False,True,False,False,False,False,False,False
isla_no_con_648,False,True,False,False,False,False,False,False,False,False,False,False,False,False,False
isla_no_con_649,False,False,False,False,False,False,False,False,False,False,False,False,False,False,False
isla_no_con_65,False,False,False,False,False,False,False,False,False,False,False,False,True,False,False
isla_no_con_650,False,False,False,False,False,False,True,False,True,False,False,False,False,False,False
isla_no_con_651,False,True,False,False,True,False,False,False,True,False,False,False,False,False,False
isla_no_con_652,False,False,False,False,True,True,False,False,False,False,True,False,False,False,False
isla_no_con_653,False,False,False,False,False,False,False,False,False,False,True,False,False,False,False
isla_no_con_654,False,False,True,True,True,False,False,False,True,True,False,False,True,True,False
isla_no_con_655,False,False,True,True,False,False,False,False,True,True,True,False,False,False,False
isla_no_con_656,False,False,False,False,False,False,False,False,False,False,True,False,False,False,False
isla_no_con_657,True,False,False,False,False,False,False,False,False,False,False,False,False,False,False
isla_no_con_658,False,False,False,False,False,False,False,False,False,False,True,False,False,False,False
isla_no_con_659,False,True,False,False,False,False,False,False,False,False,False,False,True,False,False
isla_no_con_66,False,False,False,False,False,False,False,False,False,False,True,False,False,False,False
isla_no_con_660,False,False,False,False,False,False,True,False,True,False,False,False,False,False,False
isla_no_con_661,False,False,False,True,True,True,False,False,True,True,False,False,False,True,False
isla_no_con_662,False,False,False,False,False,False,False,False,False,False,False,False,False,False,False
isla_no_con_663,False,False,False,False,True,False,False,False,True,False,False,False,True,False,False
isla_no_con_664,False,False,False,False,False,False,True,False,False,False,False,False,False,False,False
isla_no_con_665,False,False,False,False,False,False,False,False,True,False,False,False,False,False,False
isla_no_con_666,False,True,False,False,True,False,True,False,True,False,True,False,False,False,False
isla_no_con_667,True,False,False,False,True,False,False,False,False,False,True,False,False,False,False
isla_no_con_668,False,False,False,False,False,True,False,False,True,False,False,False,False,False,False
isla_no_con_669,False,True,False,False,False,False,True,False,False,False,False,False,False,False,False
isla_no_con_67,False,True,False,False,False,True,False,False,True,False,True,False,False,False,False
isla_no_con_670,False,False,False,False,True,False,False,False,False,False,False,False,False,False,False
isla_no_con_671,False,True,False,False,False,False,False,False,False,False,False,False,False,False,False
isla_no_con_672,False,True,False,False,True,True,False,False,False,False,False,False,False,False,False
isla_no_con_673,False,True,False,False,True,True,False,False,False,False,False,False,False,False,False
isla_no_con_674,False,False,False,False,False,False,False,False,False,False,False,False,False,False,False
isla_no_con_675,False,False,False,False,False,False,False,False,True,False,False,False,False,False,False
isla_no_con_676,False,True,False,False,False,True,True,False,False,False,True,False,True,False,False
isla_no_con_677,True,False,False,False,False,False,False,False,False,False,False,False,False,False,False
isla_no_con_678,True,False,False,False,False,False,False,False,False,False,True,False,False,False,False
isla_no_con_679,False,False,False,False,False,False,True,False,False,False,True,False,False,False,False
isla_no_con_68,False,False,False,False,False,False,False,False,False,False,True,False,False,False,False
isla_no_con_680,False,False,False,False,False,True,False,False,True,False,True,False,False,False,False
isla_no_con_681,False,False,False,False,True,False,False,False,False,False,False,True,False,False,False
isla_no_con_682,False,False,False,False,False,False,False,False,False,False,False,False,True,False,False
isla_no_con_683,False,False,True,True,False,False,False,False,True,True,False,False,True,True,False
isla_no_con_684,False,True,False,False,True,False,True,False,False,False,True,False,True,False,False
isla_no_con_685,False,True,False,False,True,False,False,False,False,False,False,False,False,False,False
isla_no_con_686,False,True,False,False,False,True,False,False,False,False,True,False,False,False,False
isla_no_con_687,False,True,False,False,False,False,False,False,False,False,False,False,True,False,False
isla_no_con_688,False,False,True,True,False,True,False,False,True,True,False,False,False,True,False
isla_no_con_689,False,False,False,False,False,False,False,False,True,False,False,False,True,False,True
isla_no_con_69,False,False,False,False,True,True,False,False,False,False,True,False,False,False,False
isla_no_con_690,False,True,False,False,True,False,False,False,False,False,False,False,False,False,False
isla_no_con_691,False,True,False,False,True,True,False,False,False,False,False,False,False,False,False
isla_no_con_692,False,False,False,False,True,False,False,False,False,False,False,False,True,False,False
isla_no_con_693,False,False,False,False,False,False,False,False,False,False,True,False,False,False,False
isla_no_con_694,False,True,False,False,False,False,False,False,False,False,False,False,False,False,False
isla_no_con_695,False,False,False,False,False,False,False,False,False,False,True,False,False,False,False
isla_no_con_696,False,True,False,False,False,True,False,False,False,False,False,False,False,False,False
isla_no_con_697,False,False,False,False,False,False,False,False,False,False,False,False,False,False,False
isla_no_con_698,False,False,False,False,True,False,False,False,False,False,False,False,False,False,False
isla_no_con_699,False,False,False,False,True,False,False,False,False,False,True,False,False,False,False
isla_no_con_7,False,False,False,False,False,True,False,False,False,False,False,False,True,False,False
isla_no_con_70,False,True,False,False,False,False,False,False,False,False,False,False,False,False,False
isla_no_con_700,False,True,False,False,False,False,False,False,False,False,False,False,False,False,False
isla_no_con_701,False,False,False,False,True,True,False,False,False,False,False,False,True,False,False
isla_no_con_702,False,False,False,False,False,False,False,False,True,False,False,False,False,False,False
isla_no_con_703,False,False,False,False,False,False,False,False,False,False,False,False,True,False,False
isla_no_con_704,False,True,False,False,False,False,False,False,False,False,False,False,False,False,False
isla_no_con_705,False,True,False,False,False,False,True,False,True,False,True,False,False,False,False
isla_no_con_706,False,True,False,False,True,True,True,False,False,False,False,False,False,False,False
isla_no_con_707,False,True,False,False,False,True,True,False,False,False,True,False,True,False,False
isla_no_con_708,False,False,True,True,True,False,False,False,True,True,False,False,True,True,False
isla_no_con_709,False,True,False,False,True,False,False,False,False,False,False,False,False,False,False
isla_no_con_71,True,False,False,False,False,False,False,False,False,False,True,False,False,False,False
isla_no_con_710,False,False,False,False,False,False,True,False,False,False,True,False,False,False,False
isla_no_con_711,False,True,False,False,False,True,False,False,True,False,True,False,False,False,True
isla_no_con_712,False,False,False,False,False,False,False,False,True,False,False,False,False,False,False
isla_no_con_713,False,False,False,False,True,False,False,False,True,False,True,False,True,False,False
isla_no_con_714,False,False,False,False,True,False,False,False,True,False,False,False,False,False,False
isla_no_con_715,False,False,False,False,False,False,False,True,True,False,False,False,False,False,False
isla_no_con_716,False,False,False,False,False,False,False,False,True,True,True,False,False,False,False
isla_no_con_717,False,True,False,False,True,False,False,False,False,False,False,False,False,False,False
isla_no_con_718,False,False,False,False,False,True,False,False,False,False,False,False,True,False,False
isla_no_con_719,True,True,False,False,False,True,False,False,False,False,True,False,True,False,False
isla_no_con_72,False,False,False,False,False,True,False,False,False,False,True,False,False,False,False
isla_no_con_720,False,False,False,False,True,False,False,False,True,False,False,False,True,False,False
isla_no_con_721,False,False,True,True,True,True,False,False,True,True,False,True,True,True,False
isla_no_con_722,False,False,False,False,True,False,False,False,False,False,False,False,True,False,False
isla_no_con_723,False,True,False,False,False,True,False,False,False,False,False,False,False,False,False
isla_no_con_724,False,False,True,True,False,False,False,False,True,True,False,False,False,True,False
isla_no_con_725,False,False,False,False,False,True,False,False,False,False,False,False,False,False,False
isla_no_con_726,False,False,False,True,False,False,False,False,False,False,True,False,False,False,False
isla_no_con_727,True,True,False,False,False,True,False,False,False,False,False,False,False,False,False
isla_no_con_728,False,False,True,True,False,False,False,False,True,True,False,False,False,True,False
isla_no_con_729,True,False,False,False,True,True,False,False,True,False,False,False,False,False,False
isla_no_con_73,False,True,False,False,False,False,False,False,False,False,False,False,False,False,False
isla_no_con_730,False,False,False,False,True,False,False,False,False,False,False,False,False,False,False
isla_no_con_731,False,False,False,False,True,False,False,False,False,False,False,False,True,False,False
isla_no_con_732,False,True,False,False,False,True,False,False,False,False,False,False,False,False,False
isla_no_con_733,False,False,False,False,False,False,False,False,False,False,True,False,False,False,False
isla_no_con_734,False,True,False,False,False,False,False,False,False,False,False,False,False,False,False
isla_no_con_735,False,False,False,False,True,True,False,False,False,False,False,False,False,False,False
isla_no_con_736,False,True,False,False,True,False,True,False,False,False,False,False,True,False,False
isla_no_con_737,False,False,False,False,False,False,False,False,False,False,False,False,True,False,False
isla_no_con_738,False,False,False,False,False,True,False,False,False,False,False,False,False,False,False
isla_no_con_739,True,True,False,False,False,True,False,False,False,False,False,False,False,False,False
isla_no_con_74,False,False,False,False,False,False,False,False,True,False,True,False,False,False,False
isla_no_con_740,False,False,False,False,False,False,False,False,False,False,True,False,False,False,False
isla_no_con_741,False,True,False,False,False,False,False,False,False,False,True,False,False,False,False
isla_no_con_742,False,True,False,False,False,True,False,False,False,False,True,False,False,False,True
isla_no_con_743,False,False,False,False,False,True,True,False,True,False,True,False,False,False,False
isla_no_con_744,False,True,False,False,False,True,False,False,False,False,False,False,False,False,False
isla_no_con_745,False,False,False,False,False,False,True,False,True,False,True,False,False,False,False
isla_no_con_746,False,True,False,False,False,False,False,False,False,False,False,False,False,False,False
isla_no_con_747,False,True,False,False,False,False,True,False,False,False,False,False,True,False,False
isla_no_con_748,False,False,False,False,False,True,False,False,False,False,True,False,False,False,False
isla_no_con_749,False,False,False,False,True,True,False,False,False,False,False,False,False,False,False
isla_no_con_75,False,False,False,False,False,False,False,False,False,False,False,True,True,False,False
isla_no_con_750,False,False,False,False,False,False,True,False,False,False,False,False,False,False,False
isla_no_con_751,False,False,False,False,True,False,False,False,False,False,False,False,False,False,False
isla_no_con_752,True,False,False,False,False,True,False,False,False,False,True,False,False,False,False
isla_no_con_753,True,False,False,False,False,True,False,False,False,False,True,False,False,False,False
isla_no_con_754,False,False,False,False,False,False,False,False,False,False,True,False,False,False,False
isla_no_con_755,True,False,False,False,False,False,False,False,False,False,True,False,False,False,False
isla_no_con_756,False,True,False,False,False,True,False,False,True,False,False,False,True,False,False
isla_no_con_757,False,False,False,False,True,False,False,False,False,False,False,False,False,True,False
isla_no_con_758,False,False,False,False,True,True,False,False,False,False,False,False,False,False,False
isla_no_con_759,False,False,False,False,False,True,False,False,False,False,False,False,True,False,False
isla_no_con_76,False,True,False,False,False,False,True,False,False,False,True,False,False,False,False
isla_no_con_760,False,False,False,False,False,True,True,False,True,False,False,False,False,False,False
isla_no_con_761,False,False,False,True,False,False,False,False,True,False,False,False,True,False,False
isla_no_con_762,True,False,False,False,False,True,False,False,True,False,True,True,True,False,False
isla_no_con_763,False,True,False,False,False,False,False,False,False,False,False,False,False,False,False
isla_no_con_764,False,False,False,False,False,True,False,False,False,False,True,False,True,False,False
isla_no_con_765,True,True,False,False,True,True,False,False,True,False,False,False,True,False,False
isla_no_con_766,False,True,False,False,True,False,False,False,False,False,False,False,False,False,False
isla_no_con_767,False,True,False,False,False,False,False,False,False,False,False,False,True,False,False
isla_no_con_768,False,False,False,False,False,True,False,False,False,False,False,False,False,False,False
isla_no_con_769,False,True,False,False,False,True,False,False,False,False,True,False,False,False,False
isla_no_con_77,False,False,False,False,False,False,True,False,False,False,True,False,False,False,False
isla_no_con_770,False,False,False,False,True,False,False,False,False,False,False,False,False,False,False
isla_no_con_771,True,True,False,False,False,True,False,False,False,False,False,False,False,False,False
isla_no_con_772,False,False,False,False,False,True,False,False,True,False,True,False,False,False,False
isla_no_con_773,False,True,False,False,False,True,False,False,True,False,True,True,True,False,False
isla_no_con_774,False,False,False,True,False,False,False,False,True,True,False,False,False,True,False
isla_no_con_775,False,False,False,False,True,True,False,False,False,False,True,False,False,False,False
isla_no_con_776,False,False,False,False,False,False,True,False,True,False,False,False,False,False,False
isla_no_con_777,False,False,False,False,False,False,False,False,False,False,False,False,False,False,False
isla_no_con_778,False,False,False,True,True,False,False,False,True,True,False,False,False,True,False
isla_no_con_779,False,False,False,False,False,True,False,False,True,False,False,False,False,False,False
isla_no_con_78,False,False,False,False,False,False,False,False,False,False,False,False,False,False,False
isla_no_con_780,False,False,False,False,False,False,False,False,False,False,False,False,False,False,False
isla_no_con_781,False,False,False,False,True,False,False,False,False,False,False,False,False,False,False
isla_no_con_782,False,True,False,False,False,True,False,False,False,False,False,False,True,False,False
isla_no_con_783,False,False,False,False,False,False,False,False,False,False,False,False,False,False,False
isla_no_con_784,False,False,False,False,False,True,False,False,False,False,True,False,False,False,False
isla_no_con_785,False,False,False,False,True,False,False,False,False,False,False,False,False,False,False
isla_no_con_786,False,True,False,False,True,False,False,False,False,False,False,False,False,False,False
isla_no_con_787,False,False,False,False,False,False,False,False,False,False,False,False,False,False,False
isla_no_con_788,False,False,False,False,False,False,False,False,False,False,True,False,False,False,False
isla_no_con_789,True,False,False,False,False,False,False,False,True,False,False,False,False,False,False
isla_no_con_79,False,False,False,False,False,False,False,False,False,False,True,False,True,False,False
isla_no_con_790,True,False,False,False,False,False,True,False,True,False,True,False,False,False,False
isla_no_con_791,False,False,False,False,False,True,False,False,False,False,True,False,False,False,False
isla_no_con_792,True,False,False,False,False,True,False,False,False,False,False,False,False,False,False
isla_no_con_793,False,True,False,False,True,False,False,False,False,False,False,False,False,False,False
isla_no_con_794,False,False,False,False,False,True,False,False,False,False,False,False,False,False,False
isla_no_con_795,False,False,True,True,False,True,False,True,True,True,True,False,True,True,False
isla_no_con_796,False,False,False,False,True,True,False,False,False,False,False,False,False,False,False
isla_no_con_797,False,False,False,False,False,False,False,False,True,False,False,False,False,False,False
isla_no_con_798,False,False,False,False,True,False,False,False,True,False,False,False,False,False,False
isla_no_con_799,False,False,False,False,False,False,False,False,False,False,False,False,False,False,False
isla_no_con_8,False,False,False,False,False,False,False,False,False,False,True,False,True,False,False
isla_no_con_80,False,False,False,False,False,True,False,False,False,False,False,False,False,False,False
isla_no_con_800,False,True,False,False,False,False,True,False,False,False,True,False,True,False,False
isla_no_con_801,False,True,False,False,False,True,False,False,False,False,False,False,False,False,False
isla_no_con_802,False,False,False,False,False,False,False,False,False,False,True,False,False,False,False
isla_no_con_803,False,True,False,False,False,True,True,False,False,False,False,False,False,False,False
isla_no_con_804,False,True,False,False,False,False,False,False,False,False,False,False,False,False,False
isla_no_con_805,False,True,False,False,True,True,False,False,False,False,False,False,False,False,False
isla_no_con_806,False,False,True,True,True,False,False,False,True,True,False,False,False,True,False
isla_no_con_807,False,False,True,True,False,True,True,True,False,False,False,False,True,True,False
isla_no_con_808,False,False,False,False,False,True,False,False,False,False,False,False,False,False,False
isla_no_con_809,False,False,True,True,True,False,True,True,True,True,True,True,False,True,False
isla_no_con_81,False,False,False,False,False,True,False,False,False,False,False,False,False,False,False
isla_no_con_810,False,False,True,True,True,False,False,False,True,True,False,False,False,True,False
isla_no_con_811,False,False,False,False,False,True,False,False,True,False,True,False,True,False,False
isla_no_con_812,False,False,False,False,False,False,False,False,False,False,False,False,False,False,False
isla_no_con_813,False,False,False,False,False,False,True,False,False,False,True,False,True,False,False
isla_no_con_814,True,False,False,False,False,False,False,False,False,False,True,False,False,False,False
isla_no_con_815,False,False,False,False,False,False,True,False,True,False,True,False,True,False,False
isla_no_con_816,False,False,False,False,True,True,True,False,False,False,True,False,False,False,False
isla_no_con_817,False,False,False,False,False,True,False,False,False,False,False,False,False,False,False
isla_no_con_818,True,True,False,False,False,False,False,False,False,False,False,False,True,False,False
isla_no_con_819,False,False,False,False,False,False,False,False,True,True,False,False,True,True,False
isla_no_con_82,False,False,False,False,False,False,False,False,False,False,False,False,True,False,False
isla_no_con_820,False,False,False,False,True,False,False,False,False,False,False,False,False,True,False
isla_no_con_821,False,False,False,False,True,True,True,False,False,False,True,False,True,False,False
isla_no_con_822,False,False,False,False,False,False,False,False,False,False,False,False,False,False,False
isla_no_con_823,False,True,False,False,False,False,False,False,False,False,False,False,True,False,False
isla_no_con_824,False,False,False,False,False,False,False,False,False,False,True,False,False,False,True
isla_no_con_825,False,False,False,False,False,True,False,False,False,False,False,False,True,False,False
isla_no_con_826,False,True,False,False,False,False,False,False,False,False,True,False,True,False,False
isla_no_con_827,False,False,False,False,True,True,False,False,False,False,False,False,False,False,False
isla_no_con_828,False,False,False,False,False,False,False,False,False,False,False,False,True,False,False
isla_no_con_829,True,False,False,False,True,False,False,False,False,False,False,False,False,False,False
isla_no_con_83,False,False,False,False,False,True,False,False,True,False,True,False,False,False,False
isla_no_con_830,False,False,False,False,False,True,False,False,True,False,True,False,False,False,True
isla_no_con_831,False,False,False,False,False,True,False,False,False,False,False,False,False,False,False
isla_no_con_832,False,False,False,False,False,False,False,False,True,False,True,False,False,False,False
isla_no_con_833,False,False,False,False,False,False,False,False,False,False,True,False,True,False,False
isla_no_con_834,False,False,False,False,False,False,False,False,False,False,True,False,True,False,False
isla_no_con_835,False,False,False,False,True,False,False,False,False,False,False,False,False,False,False
isla_no_con_836,True,False,False,False,False,True,False,False,False,False,False,False,False,False,False
isla_no_con_837,False,False,False,False,False,False,False,False,False,False,False,False,False,False,False
isla_no_con_838,False,False,False,False,False,False,False,False,False,False,False,False,False,False,False
isla_no_con_839,False,False,False,False,False,True,True,False,True,False,True,False,False,False,False
isla_no_con_84,False,False,False,False,False,False,False,False,False,False,False,False,False,False,False
isla_no_con_840,False,True,False,False,True,True,False,False,False,False,True,False,False,False,False
isla_no_con_841,True,False,False,False,False,False,False,False,True,False,False,False,False,False,False
isla_no_con_842,False,False,False,False,False,False,False,False,True,False,False,False,False,False,False
isla_no_con_843,False,False,False,False,False,False,False,False,False,False,True,False,True,False,False
isla_no_con_844,False,True,False,False,False,False,False,False,False,False,False,False,True,False,False
isla_no_con_845,False,True,False,False,False,True,False,False,False,False,False,False,False,False,False
isla_no_con_846,True,False,True,True,True,True,False,False,True,True,False,True,True,True,False
isla_no_con_847,False,False,False,False,False,False,False,False,False,False,False,False,False,False,False
isla_no_con_848,False,False,False,False,True,True,False,False,True,False,True,False,False,False,False
isla_no_con_849,False,False,False,False,True,False,False,False,False,False,False,False,False,False,False
isla_no_con_85,False,False,False,False,True,False,False,False,False,False,False,False,False,False,False
isla_no_con_850,False,False,False,False,False,False,False,False,False,True,True,False,False,False,False
isla_no_con_851,False,True,False,False,False,False,False,False,False,False,False,False,True,False,False
isla_no_con_852,False,False,False,False,False,True,False,False,False,False,False,False,False,False,False
isla_no_con_853,True,False,False,False,False,True,False,False,False,False,True,False,False,False,False
isla_no_con_854,False,False,False,False,False,True,True,False,False,False,True,False,False,False,False
isla_no_con_855,False,False,False,False,False,True,False,False,False,False,False,False,False,False,False
isla_no_con_856,False,False,False,False,False,False,True,False,False,False,True,False,False,False,False
isla_no_con_857,False,False,False,True,False,False,False,False,True,True,False,False,True,False,False
isla_no_con_858,True,True,False,False,False,False,False,False,False,False,False,False,False,False,False
isla_no_con_859,False,False,False,False,False,False,True,False,False,False,False,False,True,False,False
isla_no_con_86,False,False,False,False,False,True,False,False,False,False,False,False,False,False,False
isla_no_con_860,False,False,False,False,False,True,False,False,False,False,False,False,False,False,False
isla_no_con_861,False,False,False,False,False,False,False,False,False,False,True,False,True,False,False
isla_no_con_862,False,False,False,False,True,True,False,False,False,False,False,False,False,False,False
isla_no_con_863,False,True,False,False,False,False,False,False,False,False,False,False,False,False,False
isla_no_con_864,False,False,False,False,False,False,True,False,False,False,False,False,True,False,False
isla_no_con_865,False,False,False,False,True,False,False,False,False,False,False,False,True,True,False
isla_no_con_866,False,True,False,False,False,True,False,False,False,False,False,False,False,False,False
isla_no_con_867,False,False,False,False,True,False,False,False,True,False,False,False,False,False,False
isla_no_con_868,False,True,False,False,False,False,True,False,False,False,False,False,True,False,False
isla_no_con_869,False,False,False,False,True,True,False,False,False,False,False,False,False,False,False
isla_no_con_87,False,False,False,False,False,False,False,False,False,False,False,False,False,False,False
isla_no_con_870,False,False,False,False,False,False,False,False,False,False,False,False,True,False,False
isla_no_con_871,False,False,False,False,False,False,False,False,False,False,True,False,False,False,False
isla_no_con_872,False,False,False,False,False,False,False,False,False,False,True,False,True,False,False
isla_no_con_873,False,False,False,False,True,False,False,False,False,False,False,False,True,False,False
isla_no_con_874,True,False,False,False,True,False,False,False,False,False,True,False,False,False,False
isla_no_con_875,False,False,False,False,False,True,False,False,False,False,False,False,True,False,False
isla_no_con_876,False,True,False,False,False,True,False,False,False,False,True,False,True,False,False
isla_no_con_877,False,False,False,False,False,True,False,False,False,False,False,False,True,False,False
isla_no_con_878,False,False,False,False,True,True,False,False,False,False,True,False,False,False,True
isla_no_con_879,True,True,False,False,False,True,False,False,False,False,True,False,True,False,False
isla_no_con_88,False,False,False,False,False,True,False,False,False,False,False,False,False,False,False
isla_no_con_880,False,False,False,False,True,False,True,False,False,False,False,False,False,False,False
isla_no_con_881,False,False,False,False,False,False,False,False,False,False,True,False,False,False,False
isla_no_con_882,False,False,False,False,False,False,False,False,False,False,False,False,False,False,False
isla_no_con_883,False,False,False,False,False,True,False,False,False,True,True,False,True,False,False
isla_no_con_884,False,False,False,False,False,False,False,False,False,False,True,False,False,False,False
isla_no_con_885,False,False,False,False,True,True,False,False,False,False,True,False,False,False,False
isla_no_con_886,False,False,False,False,True,True,False,False,False,False,False,False,False,False,False
isla_no_con_887,False,True,False,False,False,False,False,False,False,False,True,False,False,False,False
isla_no_con_888,False,True,False,False,False,False,True,False,False,False,False,False,False,False,False
isla_no_con_889,False,False,False,False,False,False,False,True,True,False,False,False,False,False,False
isla_no_con_89,False,False,False,False,False,False,False,False,False,False,False,False,False,False,False
isla_no_con_890,False,False,False,False,True,True,False,False,True,False,False,True,False,False,False
isla_no_con_891,False,True,False,False,False,True,False,False,False,False,True,False,False,False,False
isla_no_con_892,False,False,False,False,False,False,False,False,True,False,True,False,False,False,False
isla_no_con_893,True,False,False,False,False,True,False,False,False,False,False,False,False,False,False
isla_no_con_894,False,True,False,False,True,True,False,False,False,False,False,False,False,False,False
isla_no_con_895,False,False,False,False,True,False,False,False,False,False,False,False,False,False,False
isla_no_con_896,False,True,False,False,True,False,False,False,False,False,False,False,False,False,False
isla_no_con_897,False,False,False,False,True,False,False,False,False,False,True,False,False,False,False
isla_no_con_898,False,True,False,False,False,False,False,False,False,False,False,False,False,False,False
isla_no_con_899,False,False,False,False,False,False,False,False,False,False,False,False,True,False,False
isla_no_con_9,False,False,False,False,False,False,False,False,False,False,False,False,False,False,False
isla_no_con_90,False,True,False,False,False,False,False,False,False,False,False,False,True,False,False
isla_no_con_900,False,False,False,False,True,False,False,False,False,False,False,False,False,False,False
isla_no_con_901,False,True,False,False,False,True,False,False,False,False,False,False,False,False,False
isla_no_con_902,False,False,False,False,False,False,True,False,False,False,False,False,True,False,False
isla_no_con_903,False,True,False,False,False,False,False,False,False,False,False,False,False,False,False
isla_no_con_904,False,True,False,False,False,True,False,False,False,False,False,False,True,False,False
isla_no_con_905,False,False,False,False,False,False,False,False,True,False,True,False,True,False,False
isla_no_con_906,False,False,False,True,False,False,False,False,True,False,False,False,False,False,False
isla_no_con_907,False,False,False,False,False,False,False,False,False,False,False,False,False,False,False
isla_no_con_908,False,True,False,False,True,True,False,False,False,False,False,False,True,False,False
isla_no_con_909,True,True,False,False,False,False,False,False,False,False,False,False,True,False,False
isla_no_con_91,False,False,False,False,False,False,False,False,False,False,False,False,False,False,False
isla_no_con_910,False,False,False,False,False,False,False,False,False,False,False,False,True,False,False
isla_no_con_911,False,False,False,False,True,False,False,False,True,False,False,False,False,True,False
isla_no_con_912,True,True,False,False,False,False,False,False,False,False,True,False,False,False,False
isla_no_con_913,False,False,False,False,False,True,False,False,False,False,True,False,False,False,False
isla_no_con_914,False,True,False,False,False,True,False,False,False,False,False,False,False,False,False
isla_no_con_915,False,True,False,False,False,False,False,False,False,False,False,False,False,False,False
isla_no_con_916,False,False,False,True,False,False,False,False,True,False,False,False,False,True,False
isla_no_con_917,False,False,False,False,False,False,False,False,False,False,True,False,False,False,False
isla_no_con_918,False,True,False,False,True,False,False,False,False,False,False,False,False,False,False
isla_no_con_919,False,False,False,False,False,False,False,False,False,False,False,False,True,False,False
isla_no_con_92,False,False,False,False,True,True,False,False,False,False,False,False,False,False,False
isla_no_con_920,False,False,False,False,False,False,False,False,True,True,True,False,False,False,False
isla_no_con_921,True,True,False,False,True,True,False,False,False,False,False,False,False,False,False
isla_no_con_922,False,False,False,False,False,False,False,False,False,False,False,False,False,False,False
isla_no_con_923,False,False,False,False,True,False,False,False,False,False,True,False,False,False,False
isla_no_con_924,False,False,False,False,False,False,False,False,False,False,False,False,False,False,False
isla_no_con_925,False,False,True,True,False,True,False,False,True,True,True,False,False,False,False
isla_no_con_926,False,False,False,False,False,False,False,False,True,False,True,False,False,False,False
isla_no_con_927,False,False,False,False,False,True,False,False,True,False,False,False,True,False,False
isla_no_con_928,False,True,False,False,False,False,False,False,False,False,False,False,True,False,False
isla_no_con_929,False,False,True,True,False,False,False,False,True,True,False,False,True,True,False
isla_no_con_93,False,False,False,True,False,False,False,True,True,False,True,False,True,False,False
isla_no_con_930,False,False,True,True,False,True,False,False,True,True,True,False,True,False,False
isla_no_con_931,False,True,False,False,False,True,False,False,False,False,True,False,False,False,False
isla_no_con_932,False,True,False,False,False,False,False,False,False,False,True,False,True,False,False
isla_no_con_933,False,True,False,False,False,False,False,False,False,False,False,False,False,False,False
isla_no_con_934,False,True,False,False,True,True,False,False,False,False,False,False,False,False,False
isla_no_con_935,False,False,False,False,False,False,False,False,False,False,False,False,True,False,False
isla_no_con_936,False,False,False,False,False,False,False,False,True,True,True,False,False,False,False
isla_no_con_937,True,False,False,False,False,False,False,False,False,False,True,False,False,False,False
isla_no_con_938,False,False,False,False,False,True,False,False,False,False,False,False,False,False,False
isla_no_con_939,False,False,False,False,True,False,True,False,False,False,True,False,False,False,False
isla_no_con_94,False,False,False,False,True,True,False,False,True,False,False,False,True,False,False
isla_no_con_940,True,False,False,True,True,False,False,False,True,False,True,False,True,False,False
isla_no_con_941,False,True,False,False,False,True,False,False,False,False,False,False,False,False,False
isla_no_con_942,False,False,False,False,False,False,False,False,False,False,False,False,False,False,False
isla_no_con_943,False,False,False,False,False,False,True,True,True,False,True,False,False,False,False
isla_no_con_944,False,False,False,False,False,False,False,False,False,False,False,False,False,False,False
isla_no_con_945,False,True,False,False,False,True,False,False,False,False,False,False,False,False,False
isla_no_con_946,False,False,True,True,False,True,False,False,True,True,False,True,True,True,False
isla_no_con_947,False,False,False,False,True,False,False,False,False,False,False,False,False,False,False
isla_no_con_948,False,False,False,False,False,False,False,False,False,False,True,False,True,False,True
isla_no_con_949,False,False,False,False,False,False,True,False,False,False,True,False,False,False,False
isla_no_con_95,False,False,False,False,False,True,False,False,True,False,True,False,False,False,False
isla_no_con_950,False,False,False,False,False,False,False,False,False,False,True,False,False,False,False
isla_no_con_951,False,False,False,False,False,False,False,False,True,False,False,False,False,False,False
isla_no_con_952,False,False,True,True,False,True,False,False,False,False,True,False,True,False,False
isla_no_con_953,False,True,False,False,False,True,False,False,False,False,False,False,False,False,False
isla_no_con_954,False,False,False,False,False,False,False,False,False,False,False,False,False,False,False
isla_no_con_955,False,True,False,False,False,True,False,False,False,False,True,False,False,False,False
isla_no_con_956,False,False,True,True,False,False,False,False,True,True,False,False,False,True,False
isla_no_con_957,False,True,False,False,False,True,False,False,False,False,False,False,True,False,False
isla_no_con_958,False,False,False,False,False,False,False,False,False,False,False,False,True,False,False
isla_no_con_959,True,False,False,False,False,False,False,False,False,False,False,False,True,False,False
isla_no_con_96,False,False,True,True,False,False,False,True,False,False,False,True,True,True,False
isla_no_con_960,False,False,False,False,False,True,False,False,False,False,False,False,False,False,False
isla_no_con_961,False,False,False,False,False,False,False,False,False,False,False,False,True,False,False
isla_no_con_962,False,False,False,False,False,False,False,False,False,False,True,False,False,False,False
isla_no_con_963,False,False,True,False,False,False,False,False,False,False,True,False,False,False,False
isla_no_con_964,True,True,False,False,False,False,False,False,False,False,True,False,False,False,False
isla_no_con_965,True,False,False,False,True,False,False,False,True,False,True,False,True,False,False
isla_no_con_966,False,False,False,False,False,True,False,False,False,False,True,False,False,False,True
isla_no_con_967,False,False,False,False,False,True,True,False,False,False,False,False,False,False,False
isla_no_con_968,False,True,False,False,False,False,True,False,False,False,True,False,True,False,False
isla_no_con_969,False,False,False,False,False,False,False,False,False,True,True,False,False,False,False
isla_no_con_97,False,False,False,False,True,True,False,False,False,False,False,False,False,False,False
isla_no_con_970,False,False,False,False,False,False,True,False,True,False,True,False,True,False,False
isla_no_con_971,False,False,False,False,False,True,False,False,False,False,False,False,True,False,False
isla_no_con_972,False,False,False,True,False,False,False,False,True,False,False,False,False,False,False
isla_no_con_973,False,False,False,False,False,False,False,False,False,False,True,False,False,False,False
isla_no_con_974,True,False,False,False,False,True,False,False,False,False,True,False,False,False,False
isla_no_con_975,False,False,False,False,True,False,False,False,True,False,True,False,False,False,False
isla_no_con_976,False,True,False,False,False,False,False,False,False,False,False,False,False,False,False
isla_no_con_977,False,True,False,False,False,False,False,False,False,False,False,False,False,False,False
isla_no_con_978,False,False,False,False,False,True,False,False,False,False,True,True,False,False,False
isla_no_con_979,False,False,False,False,True,False,False,False,False,False,True,False,False,False,False
isla_no_con_98,False,True,False,False,True,False,False,False,False,False,False,False,False,False,False
isla_no_con_980,False,False,False,False,False,False,False,False,True,False,True,False,False,False,False
isla_no_con_981,False,True,False,False,False,False,False,False,False,False,False,False,False,False,False
isla_no_con_982,False,True,False,False,False,True,False,False,False,False,False,False,False,False,False
isla_no_con_983,False,False,True,True,True,False,True,True,True,True,False,False,False,True,False
isla_no_con_984,False,False,False,False,True,False,False,False,False,False,False,False,False,False,False
isla_no_con_985,False,True,False,False,False,True,True,False,True,False,True,False,True,False,False
isla_no_con_986,False,False,False,False,False,False,False,False,False,False,True,False,False,False,False
isla_no_con_987,False,False,False,False,False,False,False,False,False,False,False,False,False,False,False
isla_no_con_988,False,False,False,False,False,False,False,False,False,False,True,False,False,False,False
isla_no_con_989,False,False,False,False,True,False,True,False,True,False,False,False,True,False,False
isla_no_con_99,False,False,False,False,False,True,False,False,False,False,False,False,False,False,False
isla_no_con_990,False,False,False,False,True,True,False,False,False,False,False,False,False,False,False
isla_no_con_991,False,False,False,False,False,True,False,False,False,False,False,False,True,False,False
isla_no_con_992,False,False,False,False,False,False,False,False,True,False,False,False,False,False,False
isla_no_con_993,False,False,False,False,False,False,False,False,True,True,False,False,True,False,False
isla_no_con_994,False,False,False,False,False,True,False,False,False,False,True,False,False,False,False
isla_no_con_995,False,False,False,True,False,False,False,False,True,True,False,True,True,False,False
isla_no_con_996,False,False,False,False,False,True,False,False,False,False,False,False,False,False,False
isla_no_con_997,False,False,False,False,False,False,False,False,True,False,True,False,False,False,False
isla_no_con_998,False,True,False,False,False,False,False,False,False,False,False,False,False,False,False
isla_no_con_999,False,True,False,False,True,True,False,False,False,False,False,False,False,False,False
